Specie;Minutos;Event;Day;Status
Tangara schrankii T18_MAL09;50;Off;1;Early
Tangara schrankii T18_MAL09;44;On;1;Early
Tangara schrankii T18_MAL09;45;Off;1;Early
Tangara schranki T1_GVC08;16;Off;2;Early
Tangara schranki T1_GVC08;57;On;2;Early
Tangara schranki T1_GVC08;16;Off;2;Early
Tangara schranki T1_GVC08;28;On;2;Early
Tangara schranki T1_GVC08;32;Off;2;Early
Tangara schranki T1_GVC08;5;On;2;Early
Tangara schranki T1_GVC08;6;Off;2;Early
Tangara schranki T1_GVC08;33;On;2;Early
Tangara schranki T1_GVC08;14;Off;2;Early
Tangara schranki T1_GVC08;6;On;2;Early
Tangara schranki T1_GVC08;42;Off;2;Early
Tangara schranki T1_GVC08;88;On;2;Early
Tangara schranki T1_GVC08;33;Off;2;Early
Tangara schranki T1_GVC08;19;On;2;Early
Tangara schranki T1_GVC08;33;Off;2;Early
Tangara schranki T1_GVC08;104;On;2;Early
Tangara schranki T1_GVC08;42;Off;2;Early
Tangara schranki T1_GVC08;30;On;2;Early
Tangara schranki T1_GVC08;10;Off;2;Early
Tangara schranki T1_GVC08;70;On;2;Early
Tangara schranki T1_GVC08;2;Off;2;Early
Tangara schrankii P13_RVA11;19;Off;2;Early
Tangara schrankii P13_RVA11;98;On;2;Early
Tangara schrankii P13_RVA11;101;Off;2;Early
Tangara schrankii P13_RVA11;264;On;2;Early
Tangara schrankii P13_RVA11;70;Off;2;Early
Tangara schrankii P13_RVA11;80;On;2;Early
Tangara schrankii P13_RVA11;38;Off;2;Early
Tangara schrankii P14_JAG10;55;Off;2;Early
Tangara schrankii P14_JAG10;108;On;2;Early
Tangara schrankii P14_JAG10;38;Off;2;Early
Tangara schrankii P14_JAG10;79;On;2;Early
Tangara schrankii P14_JAG10;52;Off;2;Early
Tangara schrankii P14_JAG10;85;On;2;Early
Tangara schrankii P14_JAG10;70;Off;2;Early
Tangara schrankii P14_JAG10;200;On;2;Early
Tangara schrankii P14_JAG10;7;Off;2;Early
Tangara schrankii P17_MAL10;32;Off;2;Early
Tangara schrankii P17_MAL10;64;On;2;Early
Tangara schrankii P17_MAL10;22;Off;2;Early
Tangara schrankii P17_MAL10;61;On;2;Early
Tangara schrankii P17_MAL10;26;Off;2;Early
Tangara schrankii P17_MAL10;59;On;2;Early
Tangara schrankii P17_MAL10;42;Off;2;Early
Tangara schrankii P17_MAL10;108;On;2;Early
Tangara schrankii P17_MAL10;45;Off;2;Early
Tangara schrankii P17_MAL10;96;On;2;Early
Tangara schrankii P17_MAL10;66;Off;2;Early
Tangara schrankii P17_MAL10;75;On;2;Early
Tangara schrankii P17_MAL10;6;Off;2;Early
Tangara schrankii P24_CAB10;21;Off;2;Early
Tangara schrankii P24_CAB10;60;On;2;Early
Tangara schrankii P24_CAB10;22;Off;2;Early
Tangara schrankii P24_CAB10;53;On;2;Early
Tangara schrankii P24_CAB10;20;Off;2;Early
Tangara schrankii P24_CAB10;64;On;2;Early
Tangara schrankii P24_CAB10;16;Off;2;Early
Tangara schrankii P24_CAB10;96;On;2;Early
Tangara schrankii P24_CAB10;93;Off;2;Early
Tangara schrankii P24_CAB10;119;On;2;Early
Tangara schrankii P24_CAB10;68;Off;2;Early
Tangara schrankii P24_CAB10;90;On;2;Early
Tangara schrankii P24_CAB10;3;Off;2;Early
Tangara schrankii P29_RVA11;25;Off;2;Early
Tangara schrankii P29_RVA11;50;On;2;Early
Tangara schrankii P29_RVA11;18;Off;2;Early
Tangara schrankii P29_RVA11;71;On;2;Early
Tangara schrankii P29_RVA11;27;Off;2;Early
Tangara schrankii P29_RVA11;65;On;2;Early
Tangara schrankii P29_RVA11;53;Off;2;Early
Tangara schrankii P29_RVA11;107;On;2;Early
Tangara schrankii P29_RVA11;72;Off;2;Early
Tangara schrankii P29_RVA11;131;On;2;Early
Tangara schrankii P29_RVA11;68;Off;2;Early
Tangara schrankii P3_CAB10;16;Off;2;Early
Tangara schrankii P3_CAB10;84;On;2;Early
Tangara schrankii P3_CAB10;306;Off;2;Early
Tangara schrankii P3_CAB10;209;On;2;Early
Tangara schrankii P3_CAB10;66;Off;2;Early
Tangara schrankii P3_CAB10;7;Off;2;Early
Tangara schrankii P3_CAB10;44;On;2;Early
Tangara schrankii P3_CAB10;30;Off;2;Early
Tangara schrankii P3_CAB10;47;On;2;Early
Tangara schrankii P3_CAB10;41;Off;2;Early
Tangara schrankii P3_CAB10;17;On;2;Early
Tangara schrankii P3_CAB10;43;Off;2;Early
Tangara schrankii P3_CAB10;69;On;2;Early
Tangara schrankii P3_CAB10;13;Off;2;Early
Tangara schrankii P3_CAB10;127;On;2;Early
Tangara schrankii P3_CAB10;71;Off;2;Early
Tangara schrankii P3_CAB10;52;On;2;Early
Tangara schrankii P3_CAB10;68;Off;2;Early
Tangara schrankii P53_JAG10;23;Off;2;Early
Tangara schrankii P53_JAG10;266;On;2;Early
Tangara schrankii P53_JAG10;55;Off;2;Early
Tangara schrankii P53_JAG10;193;On;2;Early
Tangara schrankii P53_JAG10;59;Off;2;Early
Tangara schrankii T1_JAG08;106;Off;2;Early
Tangara schrankii T1_JAG08;93;On;2;Early
Tangara schrankii T1_JAG08;119;Off;2;Early
Tangara schrankii T1_JAG08;207;On;2;Early
Tangara schrankii T1_JAG08;126;Off;2;Early
Tangara schrankii T18_MAL09;99;Off;2;Early
Tangara schrankii T18_MAL09;147;On;2;Early
Tangara schrankii T18_MAL09;38;Off;2;Early
Tangara schrankii T18_MAL09;101;On;2;Early
Tangara schrankii T18_MAL09;59;Off;2;Early
Tangara schrankii T18_MAL09;152;On;2;Early
Tangara schrankii T18_MAL09;54;Off;2;Early
Tangara schrankii T2_GVC08;27;Off;2;Early
Tangara schrankii T2_GVC08;50;On;2;Early
Tangara schrankii T2_GVC08;40;Off;2;Early
Tangara schrankii T2_GVC08;27;On;2;Early
Tangara schrankii T2_GVC08;7;Off;2;Early
Tangara schrankii T2_GVC08;17;On;2;Early
Tangara schrankii T2_GVC08;18;Off;2;Early
Tangara schrankii T2_GVC08;40;On;2;Early
Tangara schrankii T2_GVC08;17;Off;2;Early
Tangara schrankii T2_GVC08;70;On;2;Early
Tangara schrankii T2_GVC08;46;Off;2;Early
Tangara schrankii T2_GVC08;12;On;2;Early
Tangara schrankii T2_GVC08;14;Off;2;Early
Tangara schrankii T2_GVC08;106;On;2;Early
Tangara schrankii T2_GVC08;38;Off;2;Early
Tangara schrankii T2_GVC08;72;On;2;Early
Tangara schrankii T2_GVC08;50;Off;2;Early
Tangara schrankii T2_KMB08;38;Off;2;Early
Tangara schrankii T2_KMB08;41;On;2;Early
Tangara schrankii T2_KMB08;27;Off;2;Early
Tangara schrankii T2_KMB08;97;On;2;Early
Tangara schrankii T2_KMB08;34;Off;2;Early
Tangara schrankii T2_KMB08;114;On;2;Early
Tangara schrankii T2_KMB08;49;Off;2;Early
Tangara schrankii T2_KMB08;279;On;2;Early
Tangara schrankii T2_KMB08;10;Off;2;Early
Tangara schrankii T2_SDR08;97;Off;2;Early
Tangara schrankii T2_SDR08;113;On;2;Early
Tangara schrankii T2_SDR08;23;Off;2;Early
Tangara schrankii T2_SDR08;5;On;2;Early
Tangara schrankii T2_SDR08;50;Off;2;Early
Tangara schrankii T2_SDR08;112;On;2;Early
Tangara schrankii T2_SDR08;167;Off;2;Early
Tangara shrankii P18_JPV11;2;On;2;Early
Tangara shrankii P18_JPV11;4;Off;2;Early
Tangara shrankii P18_JPV11;98;On;2;Early
Tangara shrankii P18_JPV11;110;Off;2;Early
Tangara shrankii P18_JPV11;67;On;2;Early
Tangara shrankii P18_JPV11;195;Off;2;Early
Tangara shrankii P18_JPV11;59;On;2;Early
Tangara shrankii P18_JPV11;81;Off;2;Early
Tangara shrankii P18_JPV11;81;On;2;Early
Tangara shrankii P18_RVA11;28;Off;2;Early
Tangara shrankii P18_RVA11;87;On;2;Early
Tangara shrankii P18_RVA11;42;Off;2;Early
Tangara shrankii P18_RVA11;43;On;2;Early
Tangara shrankii P18_RVA11;33;Off;2;Early
Tangara shrankii P18_RVA11;75;On;2;Early
Tangara shrankii P18_RVA11;40;Off;2;Early
Tangara shrankii P18_RVA11;78;On;2;Early
Tangara shrankii P18_RVA11;32;Off;2;Early
Tangara shrankii P18_RVA11;198;On;2;Early
Tangara shrankii P18_RVA11;4;Off;2;Early
Tangara shrankii P22_JPV11;23;Off;2;Early
Tangara shrankii P22_JPV11;54;On;2;Early
Tangara shrankii P22_JPV11;15;Off;2;Early
Tangara shrankii P22_JPV11;48;On;2;Early
Tangara shrankii P22_JPV11;22;Off;2;Early
Tangara shrankii P22_JPV11;60;On;2;Early
Tangara shrankii P22_JPV11;24;Off;2;Early
Tangara shrankii P22_JPV11;98;On;2;Early
Tangara shrankii P22_JPV11;59;Off;2;Early
Tangara shrankii P22_JPV11;69;On;2;Early
Tangara shrankii P22_JPV11;37;Off;2;Early
Tangara shrankii P22_JPV11;93;On;2;Early
Tangara shrankii P22_JPV11;33;Off;2;Early
Tangara shrankii P22_JPV11;82;On;2;Early
Tangara shrankii P22_JPV11;2;Off;2;Early
Tangara shrankii P26_RVA11;25;Off;2;Early
Tangara shrankii P26_RVA11;66;On;2;Early
Tangara shrankii P26_RVA11;34;Off;2;Early
Tangara shrankii P26_RVA11;182;On;2;Early
Tangara shrankii P26_RVA11;56;Off;2;Early
Tangara shrankii P26_RVA11;58;On;2;Early
Tangara shrankii P26_RVA11;35;Off;2;Early
Tangara shrankii P26_RVA11;78;On;2;Early
Tangara shrankii P26_RVA11;67;Off;2;Early
Tangara shrankii P26_RVA11;56;On;2;Early
Tangara shrankii P26_RVA11;10;Off;2;Early
Tangara shrankii P6 JAEC_10;28;Off;2;Early
Tangara shrankii P6 JAEC_10;54;On;2;Early
Tangara shrankii P6 JAEC_10;71;Off;2;Early
Tangara shrankii P6 JAEC_10;148;On;2;Early
Tangara shrankii P6 JAEC_10;215;Off;2;Early
Tangara shrankii P62_CFV11;20;Off;2;Early
Tangara shrankii P62_CFV11;74;On;2;Early
Tangara shrankii P62_CFV11;30;Off;2;Early
Tangara shrankii P62_CFV11;118;On;2;Early
Tangara shrankii P62_CFV11;38;Off;2;Early
Tangara shrankii P62_CFV11;56;On;2;Early
Tangara shrankii P62_CFV11;35;Off;2;Early
Tangara shrankii P62_CFV11;122;On;2;Early
Tangara shrankii P62_CFV11;64;Off;2;Early
Tangara shrankii P62_CFV11;148;On;2;Early
Tangara shrankii P62_CFV11;17;Off;2;Early
Tangara shrankii P7_JAG10;48;Off;2;Early
Tangara shrankii P7_JAG10;113;On;2;Early
Tangara shrankii P7_JAG10;42;Off;2;Early
Tangara shrankii P7_JAG10;50;On;2;Early
Tangara shrankii P7_JAG10;104;Off;2;Early
Tangara shrankii P7_JAG10;148;On;2;Early
Tangara shrankii P7_JAG10;59;Off;2;Early
Tangara shrankii T3_kmb08;8;On;2;Early
Tangara shrankii T3_kmb08;6;Off;2;Early
Tangara shrankii T3_kmb08;159;On;2;Early
Tangara shrankii T3_kmb08;71;Off;2;Early
Tangara shrankii T3_kmb08;211;On;2;Early
Tangara shrankii T3_kmb08;131;Off;2;Early
Tangara shrankii T30_MAL08;24;Off;2;Early
Tangara shrankii T30_MAL08;94;On;2;Early
Tangara shrankii T30_MAL08;42;Off;2;Early
Tangara shrankii T30_MAL08;59;On;2;Early
Tangara shrankii T30_MAL08;60;Off;2;Early
Tangara shrankii T30_MAL08;105;On;2;Early
Tangara shrankii T30_MAL08;26;Off;2;Early
Tangara shrankii T30_MAL08;180;On;2;Early
Tangara shrankii T30_MAL08;39;Off;2;Early
Tangara shrankii T37_MAL08;51;Off;2;Early
Tangara shrankii T37_MAL08;96;On;2;Early
Tangara shrankii T37_MAL08;39;Off;2;Early
Tangara shrankii T37_MAL08;93;On;2;Early
Tangara shrankii T37_MAL08;34;Off;2;Early
Tangara shrankii T37_MAL08;44;On;2;Early
Tangara shrankii T37_MAL08;56;Off;2;Early
Tangara shrankii T37_MAL08;63;On;2;Early
Tangara shrankii T37_MAL08;47;Off;2;Early
Tangara shrankii T37_MAL08;65;On;2;Early
Tangara shrankii T37_MAL08;22;Off;2;Early
Tangara shrankii T37_MAL08;41;On;2;Early
Tangara shrankii T37_MAL08;4;Off;2;Early
Tangara shrankii T5_JAG08;18;Off;2;Early
Tangara shrankii T5_JAG08;51;On;2;Early
Tangara shrankii T5_JAG08;36;Off;2;Early
Tangara shrankii T5_JAG08;122;On;2;Early
Tangara shrankii T5_JAG08;157;Off;2;Early
Tangara shrankii T5_JAG08;18;On;2;Early
Tangara shrankii T5_JAG08;46;Off;2;Early
Tangara shrankii T5_JAG08;50;On;2;Early
Tangara shrankii T5_JAG08;65;Off;2;Early
Tangara shrankii T5_JAG08;145;On;2;Early
Tangara shrankii T5_JAG08;5;Off;2;Early
Tangara schranki T1_GVC08;17;Off;3;Early
Tangara schranki T1_GVC08;59;On;3;Early
Tangara schranki T1_GVC08;12;Off;3;Early
Tangara schranki T1_GVC08;53;On;3;Early
Tangara schranki T1_GVC08;22;Off;3;Early
Tangara schranki T1_GVC08;120;On;3;Early
Tangara schranki T1_GVC08;28;Off;3;Early
Tangara schranki T1_GVC08;107;On;3;Early
Tangara schranki T1_GVC08;22;Off;3;Early
Tangara schranki T1_GVC08;84;On;3;Early
Tangara schranki T1_GVC08;16;Off;3;Early
Tangara schranki T1_GVC08;61;On;3;Early
Tangara schranki T1_GVC08;32;Off;3;Early
Tangara schrankii P13_RVA11;26;Off;3;Early
Tangara schrankii P13_RVA11;94;On;3;Early
Tangara schrankii P13_RVA11;47;Off;3;Early
Tangara schrankii P13_RVA11;163;On;3;Early
Tangara schrankii P13_RVA11;58;Off;3;Early
Tangara schrankii P13_RVA11;305;On;3;Early
Tangara schrankii P13_RVA11;37;Off;3;Early
Tangara schrankii P14_JAG10;23;Off;3;Early
Tangara schrankii P14_JAG10;43;On;3;Early
Tangara schrankii P14_JAG10;29;Off;3;Early
Tangara schrankii P14_JAG10;46;On;3;Early
Tangara schrankii P14_JAG10;66;Off;3;Early
Tangara schrankii P14_JAG10;91;On;3;Early
Tangara schrankii P14_JAG10;68;Off;3;Early
Tangara schrankii P14_JAG10;25;On;3;Early
Tangara schrankii P14_JAG10;8;Off;3;Early
Tangara schrankii P14_JAG10;63;On;3;Early
Tangara schrankii P14_JAG10;34;Off;3;Early
Tangara schrankii P14_JAG10;105;On;3;Early
Tangara schrankii P14_JAG10;33;Off;3;Early
Tangara schrankii P14_JAG10;58;On;3;Early
Tangara schrankii P14_JAG10;6;Off;3;Early
Tangara schrankii P17_MAL10;23;Off;3;Early
Tangara schrankii P17_MAL10;45;On;3;Early
Tangara schrankii P17_MAL10;16;Off;3;Early
Tangara schrankii P17_MAL10;52;On;3;Early
Tangara schrankii P17_MAL10;30;Off;3;Early
Tangara schrankii P17_MAL10;77;On;3;Early
Tangara schrankii P17_MAL10;17;Off;3;Early
Tangara schrankii P17_MAL10;43;On;3;Early
Tangara schrankii P17_MAL10;42;Off;3;Early
Tangara schrankii P17_MAL10;76;On;3;Early
Tangara schrankii P17_MAL10;15;Off;3;Early
Tangara schrankii P17_MAL10;29;On;3;Early
Tangara schrankii P17_MAL10;43;Off;3;Early
Tangara schrankii P17_MAL10;77;On;3;Early
Tangara schrankii P17_MAL10;18;Off;3;Early
Tangara schrankii P17_MAL10;73;On;3;Early
Tangara schrankii P17_MAL10;6;Off;3;Early
Tangara schrankii P24_CAB10;19;Off;3;Early
Tangara schrankii P24_CAB10;80;On;3;Early
Tangara schrankii P24_CAB10;87;Off;3;Early
Tangara schrankii P24_CAB10;79;On;3;Early
Tangara schrankii P24_CAB10;30;Off;3;Early
Tangara schrankii P24_CAB10;13;On;3;Early
Tangara schrankii P24_CAB10;12;Off;3;Early
Tangara schrankii P24_CAB10;6;On;3;Early
Tangara schrankii P24_CAB10;10;Off;3;Early
Tangara schrankii P24_CAB10;46;On;3;Early
Tangara schrankii P24_CAB10;60;Off;3;Early
Tangara schrankii P24_CAB10;23;On;3;Early
Tangara schrankii P24_CAB10;25;Off;3;Early
Tangara schrankii P24_CAB10;7;On;3;Early
Tangara schrankii P24_CAB10;10;Off;3;Early
Tangara schrankii P29_RVA11;22;Off;3;Early
Tangara schrankii P29_RVA11;79;On;3;Early
Tangara schrankii P29_RVA11;46;Off;3;Early
Tangara schrankii P29_RVA11;66;On;3;Early
Tangara schrankii P29_RVA11;25;Off;3;Early
Tangara schrankii P29_RVA11;210;On;3;Early
Tangara schrankii P29_RVA11;67;Off;3;Early
Tangara schrankii P3_CAB10;84;On;3;Early
Tangara schrankii P3_CAB10;37;Off;3;Early
Tangara schrankii P3_CAB10;26;On;3;Early
Tangara schrankii P3_CAB10;3;Off;3;Early
Tangara schrankii P3_CAB10;19;Off;3;Early
Tangara schrankii P3_CAB10;75;On;3;Early
Tangara schrankii P3_CAB10;39;Off;3;Early
Tangara schrankii P3_CAB10;106;On;3;Early
Tangara schrankii P3_CAB10;15;Off;3;Early
Tangara schrankii P3_CAB10;44;On;3;Early
Tangara schrankii P3_CAB10;31;Off;3;Early
Tangara schrankii P3_CAB10;42;On;3;Early
Tangara schrankii P3_CAB10;40;Off;3;Early
Tangara schrankii P3_CAB10;171;On;3;Early
Tangara schrankii P3_CAB10;52;Off;3;Early
Tangara schrankii P33_RVA11;17;Off;3;Early
Tangara schrankii P33_RVA11;70;On;3;Early
Tangara schrankii P33_RVA11;34;Off;3;Early
Tangara schrankii P33_RVA11;29;On;3;Early
Tangara schrankii P33_RVA11;32;Off;3;Early
Tangara schrankii P33_RVA11;51;On;3;Early
Tangara schrankii P33_RVA11;20;Off;3;Early
Tangara schrankii P33_RVA11;142;On;3;Early
Tangara schrankii P33_RVA11;54;Off;3;Early
Tangara schrankii P33_RVA11;259;On;3;Early
Tangara schrankii P33_RVA11;19;Off;3;Early
Tangara schrankii P53_JAG10;20;Off;3;Early
Tangara schrankii P53_JAG10;236;On;3;Early
Tangara schrankii P53_JAG10;44;Off;3;Early
Tangara schrankii P53_JAG10;68;On;3;Early
Tangara schrankii P53_JAG10;14;Off;3;Early
Tangara schrankii P53_JAG10;112;On;3;Early
Tangara schrankii P53_JAG10;28;Off;3;Early
Tangara schrankii P53_JAG10;182;On;3;Early
Tangara schrankii P53_JAG10;7;Off;3;Early
Tangara schrankii T1_JAG08;71;Off;3;Early
Tangara schrankii T1_JAG08;98;On;3;Early
Tangara schrankii T1_JAG08;159;Off;3;Early
Tangara schrankii T1_JAG08;123;On;3;Early
Tangara schrankii T1_JAG08;122;Off;3;Early
Tangara schrankii T2_KMB08;68;Off;3;Early
Tangara schrankii T2_KMB08;100;On;3;Early
Tangara schrankii T2_KMB08;29;Off;3;Early
Tangara schrankii T2_KMB08;76;On;3;Early
Tangara schrankii T2_KMB08;33;Off;3;Early
Tangara schrankii T2_KMB08;92;On;3;Early
Tangara schrankii T2_KMB08;60;Off;3;Early
Tangara schrankii T2_KMB08;65;On;3;Early
Tangara schrankii T2_KMB08;10;Off;3;Early
Tangara schrankii T2_KMB08;17;On;3;Early
Tangara schrankii T2_KMB08;43;Off;3;Early
Tangara schrankii T2_KMB08;17;On;3;Early
Tangara schrankii T2_KMB08;19;Off;3;Early
Tangara schrankii T2_KMB08;37;On;3;Early
Tangara schrankii T2_KMB08;10;Off;3;Early
Tangara schrankii T2_SDR08;30;Off;3;Early
Tangara schrankii T2_SDR08;38;On;3;Early
Tangara schrankii T2_SDR08;21;Off;3;Early
Tangara schrankii T2_SDR08;75;On;3;Early
Tangara schrankii T2_SDR08;42;Off;3;Early
Tangara schrankii T2_SDR08;28;On;3;Early
Tangara schrankii T2_SDR08;27;Off;3;Early
Tangara schrankii T2_SDR08;30;On;3;Early
Tangara schrankii T2_SDR08;49;Off;3;Early
Tangara schrankii T2_SDR08;46;On;3;Early
Tangara schrankii T2_SDR08;52;Off;3;Early
Tangara schrankii T2_SDR08;78;On;3;Early
Tangara schrankii T2_SDR08;41;Off;3;Early
Tangara schrankii T2_SDR08;175;On;3;Early
Tangara schrankii T2_SDR08;8;Off;3;Early
Tangara shrankii P18_JPV11;61;On;3;Early
Tangara shrankii P18_JPV11;24;Off;3;Early
Tangara shrankii P18_JPV11;71;On;3;Early
Tangara shrankii P18_JPV11;23;Off;3;Early
Tangara shrankii P18_JPV11;73;On;3;Early
Tangara shrankii P18_JPV11;170;Off;3;Early
Tangara shrankii P18_JPV11;7;On;3;Early
Tangara shrankii P18_JPV11;9;Off;3;Early
Tangara shrankii P18_JPV11;125;On;3;Early
Tangara shrankii P18_JPV11;83;Off;3;Early
Tangara shrankii P18_JPV11;60;On;3;Early
Tangara shrankii P18_JPV11;4;Off;3;Early
Tangara shrankii P22_JPV11;9;Off;3;Early
Tangara shrankii P22_JPV11;52;On;3;Early
Tangara shrankii P22_JPV11;21;Off;3;Early
Tangara shrankii P22_JPV11;83;On;3;Early
Tangara shrankii P22_JPV11;28;Off;3;Early
Tangara shrankii P22_JPV11;109;On;3;Early
Tangara shrankii P22_JPV11;35;Off;3;Early
Tangara shrankii P22_JPV11;95;On;3;Early
Tangara shrankii P22_JPV11;84;Off;3;Early
Tangara shrankii P6 JAEC_10;33;Off;3;Early
Tangara shrankii P6 JAEC_10;109;On;3;Early
Tangara shrankii P6 JAEC_10;86;Off;3;Early
Tangara shrankii P6 JAEC_10;134;On;3;Early
Tangara shrankii P6 JAEC_10;73;Off;3;Early
Tangara shrankii P6 JAEC_10;178;On;3;Early
Tangara shrankii P6 JAEC_10;46;Off;3;Early
Tangara shrankii P7_JAG10;33;Off;3;Early
Tangara shrankii P7_JAG10;59;On;3;Early
Tangara shrankii P7_JAG10;25;Off;3;Early
Tangara shrankii P7_JAG10;63;On;3;Early
Tangara shrankii P7_JAG10;62;Off;3;Early
Tangara shrankii P7_JAG10;25;On;3;Early
Tangara shrankii P7_JAG10;34;Off;3;Early
Tangara shrankii P7_JAG10;172;On;3;Early
Tangara shrankii P7_JAG10;55;Off;3;Early
Tangara shrankii P7_JAG10;185;On;3;Early
Tangara shrankii P7_JAG10;6;Off;3;Early
Tangara shrankii T3_kmb08;40;Off;3;Early
Tangara shrankii T3_kmb08;59;On;3;Early
Tangara shrankii T3_kmb08;44;Off;3;Early
Tangara shrankii T3_kmb08;68;On;3;Early
Tangara shrankii T3_kmb08;24;Off;3;Early
Tangara shrankii T3_kmb08;49;On;3;Early
Tangara shrankii T3_kmb08;36;Off;3;Early
Tangara shrankii T3_kmb08;78;On;3;Early
Tangara shrankii T3_kmb08;34;Off;3;Early
Tangara shrankii T3_kmb08;120;On;3;Early
Tangara shrankii T3_kmb08;87;Off;3;Early
Tangara shrankii T30_MAL08;22;Off;3;Early
Tangara shrankii T30_MAL08;191;On;3;Early
Tangara shrankii T30_MAL08;68;Off;3;Early
Tangara shrankii T30_MAL08;66;On;3;Early
Tangara shrankii T30_MAL08;31;Off;3;Early
Tangara shrankii T30_MAL08;98;On;3;Early
Tangara shrankii T30_MAL08;26;Off;3;Early
Tangara shrankii T30_MAL08;91;On;3;Early
Tangara shrankii T30_MAL08;24;Off;3;Early
Tangara shrankii T37_MAL08;18;Off;3;Early
Tangara shrankii T37_MAL08;106;On;3;Early
Tangara shrankii T37_MAL08;43;Off;3;Early
Tangara shrankii T37_MAL08;80;On;3;Early
Tangara shrankii T37_MAL08;33;Off;3;Early
Tangara shrankii T37_MAL08;67;On;3;Early
Tangara shrankii T37_MAL08;28;Off;3;Early
Tangara shrankii T37_MAL08;54;On;3;Early
Tangara shrankii T37_MAL08;34;Off;3;Early
Tangara shrankii T37_MAL08;58;On;3;Early
Tangara shrankii T37_MAL08;37;Off;3;Early
Tangara shrankii T37_MAL08;41;On;3;Early
Tangara shrankii T37_MAL08;35;Off;3;Early
Tangara shrankii T37_MAL08;51;On;3;Early
Tangara shrankii T37_MAL08;15;Off;3;Early
Tangara schranki T1_GVC08;22;Off;4;Early
Tangara schranki T1_GVC08;62;On;4;Early
Tangara schranki T1_GVC08;23;Off;4;Early
Tangara schranki T1_GVC08;2;On;4;Early
Tangara schranki T1_GVC08;3;Off;4;Early
Tangara schranki T1_GVC08;54;On;4;Early
Tangara schranki T1_GVC08;30;Off;4;Early
Tangara schranki T1_GVC08;108;On;4;Early
Tangara schranki T1_GVC08;42;Off;4;Early
Tangara schranki T1_GVC08;25;On;4;Early
Tangara schranki T1_GVC08;62;Off;4;Early
Tangara schranki T1_GVC08;63;On;4;Early
Tangara schranki T1_GVC08;24;Off;4;Early
Tangara schranki T1_GVC08;19;On;4;Early
Tangara schranki T1_GVC08;20;Off;4;Early
Tangara schranki T1_GVC08;86;On;4;Early
Tangara schranki T1_GVC08;20;Off;4;Early
Tangara schrankii P13_RVA11;13;Off;4;Early
Tangara schrankii P13_RVA11;117;On;4;Early
Tangara schrankii P13_RVA11;102;Off;4;Early
Tangara schrankii P14_JAG10;13;Off;4;Early
Tangara schrankii P14_JAG10;34;On;4;Early
Tangara schrankii P14_JAG10;85;Off;4;Early
Tangara schrankii P14_JAG10;113;On;4;Early
Tangara schrankii P14_JAG10;81;Off;4;Early
Tangara schrankii P14_JAG10;104;On;4;Early
Tangara schrankii P14_JAG10;121;Off;4;Early
Tangara schrankii P14_JAG10;147;On;4;Early
Tangara schrankii P14_JAG10;18;Off;4;Early
Tangara schrankii P17_MAL10;21;Off;4;Early
Tangara schrankii P17_MAL10;55;On;4;Early
Tangara schrankii P17_MAL10;17;Off;4;Early
Tangara schrankii P17_MAL10;62;On;4;Early
Tangara schrankii P17_MAL10;40;Off;4;Early
Tangara schrankii P17_MAL10;51;On;4;Early
Tangara schrankii P17_MAL10;11;Off;4;Early
Tangara schrankii P17_MAL10;97;On;4;Early
Tangara schrankii P17_MAL10;32;Off;4;Early
Tangara schrankii P17_MAL10;63;On;4;Early
Tangara schrankii P17_MAL10;72;Off;4;Early
Tangara schrankii P17_MAL10;43;On;4;Early
Tangara schrankii P17_MAL10;33;Off;4;Early
Tangara schrankii P17_MAL10;84;On;4;Early
Tangara schrankii P17_MAL10;8;Off;4;Early
Tangara schrankii P24_CAB10;38;Off;4;Early
Tangara schrankii P24_CAB10;126;On;4;Early
Tangara schrankii P24_CAB10;37;Off;4;Early
Tangara schrankii P24_CAB10;119;On;4;Early
Tangara schrankii P24_CAB10;34;Off;4;Early
Tangara schrankii P24_CAB10;145;On;4;Early
Tangara schrankii P24_CAB10;58;Off;4;Early
Tangara schrankii P24_CAB10;22;On;4;Early
Tangara schrankii P24_CAB10;11;Off;4;Early
Tangara schrankii P3_CAB10;11;Off;4;Early
Tangara schrankii P3_CAB10;33;On;4;Early
Tangara schrankii P3_CAB10;35;Off;4;Early
Tangara schrankii P3_CAB10;86;On;4;Early
Tangara schrankii P3_CAB10;130;Off;4;Early
Tangara schrankii P3_CAB10;35;On;4;Early
Tangara schrankii P3_CAB10;19;Off;4;Early
Tangara schrankii P3_CAB10;3;On;4;Early
Tangara schrankii P3_CAB10;13;Off;4;Early
Tangara schrankii P3_CAB10;13;On;4;Early
Tangara schrankii P3_CAB10;93;Off;4;Early
Tangara schrankii P3_CAB10;164;On;4;Early
Tangara schrankii P3_CAB10;29;Off;4;Early
Tangara schrankii P3_CAB10;22;On;4;Early
Tangara schrankii P3_CAB10;9;Off;4;Early
Tangara schrankii P33_RVA11;16;Off;4;Early
Tangara schrankii P33_RVA11;91;On;4;Early
Tangara schrankii P33_RVA11;28;Off;4;Early
Tangara schrankii P33_RVA11;42;On;4;Early
Tangara schrankii P33_RVA11;31;Off;4;Early
Tangara schrankii P33_RVA11;131;On;4;Early
Tangara schrankii P33_RVA11;42;Off;4;Early
Tangara schrankii P33_RVA11;130;On;4;Early
Tangara schrankii P33_RVA11;57;Off;4;Early
Tangara schrankii P53_JAG10;15;Off;4;Early
Tangara schrankii P53_JAG10;142;On;4;Early
Tangara schrankii P53_JAG10;36;Off;4;Early
Tangara schrankii P53_JAG10;87;On;4;Early
Tangara schrankii P53_JAG10;20;Off;4;Early
Tangara schrankii P53_JAG10;104;On;4;Early
Tangara schrankii P53_JAG10;26;Off;4;Early
Tangara schrankii P53_JAG10;94;On;4;Early
Tangara schrankii P53_JAG10;31;Off;4;Early
Tangara schrankii P53_JAG10;111;On;4;Early
Tangara schrankii P53_JAG10;30;Off;4;Early
Tangara schrankii T1_JAG08;72;Off;4;Early
Tangara schrankii T1_JAG08;72;On;4;Early
Tangara schrankii T1_JAG08;8;Off;4;Early
Tangara schrankii T1_JAG08;23;On;4;Early
Tangara schrankii T1_JAG08;28;Off;4;Early
Tangara schrankii T1_JAG08;70;On;4;Early
Tangara schrankii T1_JAG08;24;Off;4;Early
Tangara schrankii T1_JAG08;92;On;4;Early
Tangara schrankii T1_JAG08;58;Off;4;Early
Tangara schrankii T1_JAG08;67;On;4;Early
Tangara schrankii T1_JAG08;16;Off;4;Early
Tangara schrankii T1_JAG08;57;On;4;Early
Tangara schrankii T1_JAG08;18;Off;4;Early
Tangara schrankii T1_JAG08;34;On;4;Early
Tangara schrankii T1_JAG08;4;Off;4;Early
Tangara schrankii T2_KMB08;21;Off;4;Early
Tangara schrankii T2_KMB08;109;On;4;Early
Tangara schrankii T2_KMB08;45;Off;4;Early
Tangara schrankii T2_KMB08;42;On;4;Early
Tangara schrankii T2_KMB08;39;Off;4;Early
Tangara schrankii T2_KMB08;95;On;4;Early
Tangara schrankii T2_KMB08;47;Off;4;Early
Tangara schrankii T2_KMB08;100;On;4;Early
Tangara schrankii T2_KMB08;62;Off;4;Early
Tangara schrankii T2_KMB08;61;On;4;Early
Tangara schrankii T2_KMB08;3;Off;4;Early
Tangara shrankii P6 JAEC_10;23;Off;4;Early
Tangara shrankii P6 JAEC_10;71;On;4;Early
Tangara shrankii P6 JAEC_10;24;Off;4;Early
Tangara shrankii P6 JAEC_10;152;On;4;Early
Tangara shrankii P6 JAEC_10;30;Off;4;Early
Tangara shrankii P7_JAG10;36;Off;4;Early
Tangara shrankii P7_JAG10;56;On;4;Early
Tangara shrankii P7_JAG10;42;Off;4;Early
Tangara shrankii P7_JAG10;106;On;4;Early
Tangara shrankii P7_JAG10;33;Off;4;Early
Tangara shrankii P7_JAG10;78;On;4;Early
Tangara shrankii P7_JAG10;184;Off;4;Early
Tangara shrankii P7_JAG10;165;On;4;Early
Tangara shrankii P7_JAG10;12;Off;4;Early
Tangara shrankii T30_MAL08;18;Off;4;Early
Tangara shrankii T30_MAL08;94;On;4;Early
Tangara shrankii T30_MAL08;25;Off;4;Early
Tangara shrankii T30_MAL08;67;On;4;Early
Tangara shrankii T30_MAL08;17;Off;4;Early
Tangara shrankii T30_MAL08;12;On;4;Early
Tangara shrankii T30_MAL08;43;Off;4;Early
Tangara shrankii T30_MAL08;8;On;4;Early
Tangara shrankii T30_MAL08;28;Off;4;Early
Tangara shrankii T30_MAL08;27;On;4;Early
Tangara shrankii T30_MAL08;21;Off;4;Early
Tangara shrankii T30_MAL08;18;On;4;Early
Tangara shrankii T30_MAL08;26;Off;4;Early
Tangara shrankii T30_MAL08;15;On;4;Early
Tangara shrankii T30_MAL08;17;Off;4;Early
Tangara shrankii T30_MAL08;65;On;4;Early
Tangara shrankii T30_MAL08;27;Off;4;Early
Tangara shrankii T30_MAL08;99;On;4;Early
Tangara shrankii T30_MAL08;17;Off;4;Early
Tangara shrankii T5_JAG08;15;Off;4;Early
Tangara shrankii T5_JAG08;65;On;4;Early
Tangara shrankii T5_JAG08;43;Off;4;Early
Tangara shrankii T5_JAG08;101;On;4;Early
Tangara shrankii T5_JAG08;39;Off;4;Early
Tangara shrankii T5_JAG08;269;On;4;Early
Tangara shrankii T5_JAG08;35;Off;4;Early
Tangara shrankii T5_JAG08;70;On;4;Early
Tangara shrankii T5_JAG08;31;Off;4;Early
Tangara shrankii T5_JAG08;45;On;4;Early
Tangara shrankii T5_JAG08;3;Off;4;Early
Tangara schranki T1_GVC08;30;Off;5;Early
Tangara schranki T1_GVC08;65;On;5;Early
Tangara schranki T1_GVC08;13;Off;5;Early
Tangara schranki T1_GVC08;25;On;5;Early
Tangara schranki T1_GVC08;18;Off;5;Early
Tangara schranki T1_GVC08;11;On;5;Early
Tangara schranki T1_GVC08;17;Off;5;Early
Tangara schranki T1_GVC08;20;On;5;Early
Tangara schranki T1_GVC08;18;Off;5;Early
Tangara schranki T1_GVC08;29;On;5;Early
Tangara schranki T1_GVC08;15;Off;5;Early
Tangara schranki T1_GVC08;19;On;5;Early
Tangara schranki T1_GVC08;18;Off;5;Early
Tangara schranki T1_GVC08;13;On;5;Early
Tangara schranki T1_GVC08;6;Off;5;Early
Tangara schranki T1_GVC08;11;On;5;Early
Tangara schranki T1_GVC08;6;Off;5;Early
Tangara schranki T1_GVC08;4;On;5;Early
Tangara schranki T1_GVC08;16;Off;5;Early
Tangara schranki T1_GVC08;16;On;5;Early
Tangara schranki T1_GVC08;35;Off;5;Early
Tangara schranki T1_GVC08;19;On;5;Early
Tangara schranki T1_GVC08;19;Off;5;Early
Tangara schranki T1_GVC08;17;On;5;Early
Tangara schranki T1_GVC08;13;Off;5;Early
Tangara schranki T1_GVC08;23;On;5;Early
Tangara schranki T1_GVC08;17;Off;5;Early
Tangara schranki T1_GVC08;19;On;5;Early
Tangara schranki T1_GVC08;43;Off;5;Early
Tangara schranki T1_GVC08;14;On;5;Early
Tangara schranki T1_GVC08;15;Off;5;Early
Tangara schranki T1_GVC08;38;On;5;Early
Tangara schranki T1_GVC08;7;Off;5;Early
Tangara schranki T1_GVC08;23;On;5;Early
Tangara schranki T1_GVC08;6;Off;5;Early
Tangara schranki T1_GVC08;7;On;5;Early
Tangara schranki T1_GVC08;7;Off;5;Early
Tangara schrankii P13_RVA11;64;Off;5;Early
Tangara schrankii P13_RVA11;15;On;5;Early
Tangara schrankii P13_RVA11;45;Off;5;Early
Tangara schrankii P13_RVA11;4;On;5;Early
Tangara schrankii P13_RVA11;29;Off;5;Early
Tangara schrankii P13_RVA11;168;On;5;Early
Tangara schrankii P13_RVA11;51;Off;5;Early
Tangara schrankii P13_RVA11;163;On;5;Early
Tangara schrankii P13_RVA11;48;Off;5;Early
Tangara schrankii P14_JAG10;15;Off;5;Early
Tangara schrankii P14_JAG10;30;On;5;Early
Tangara schrankii P14_JAG10;31;Off;5;Early
Tangara schrankii P14_JAG10;60;On;5;Early
Tangara schrankii P14_JAG10;45;Off;5;Early
Tangara schrankii P14_JAG10;90;On;5;Early
Tangara schrankii P14_JAG10;53;Off;5;Early
Tangara schrankii P14_JAG10;84;On;5;Early
Tangara schrankii P14_JAG10;46;Off;5;Early
Tangara schrankii P14_JAG10;117;On;5;Early
Tangara schrankii P14_JAG10;48;Off;5;Early
Tangara schrankii P14_JAG10;93;On;5;Early
Tangara schrankii P14_JAG10;5;Off;5;Early
Tangara schrankii P24_CAB10;28;Off;5;Early
Tangara schrankii P24_CAB10;88;On;5;Early
Tangara schrankii P24_CAB10;67;Off;5;Early
Tangara schrankii P24_CAB10;252;On;5;Early
Tangara schrankii P24_CAB10;77;Off;5;Early
Tangara schrankii P24_CAB10;71;On;5;Early
Tangara schrankii P24_CAB10;35;Off;5;Early
Tangara schrankii P3_CAB10;13;Off;5;Early
Tangara schrankii P3_CAB10;42;On;5;Early
Tangara schrankii P3_CAB10;26;Off;5;Early
Tangara schrankii P3_CAB10;75;On;5;Early
Tangara schrankii P3_CAB10;41;Off;5;Early
Tangara schrankii P3_CAB10;111;On;5;Early
Tangara schrankii P3_CAB10;37;Off;5;Early
Tangara schrankii P3_CAB10;25;On;5;Early
Tangara schrankii P3_CAB10;42;Off;5;Early
Tangara schrankii P3_CAB10;101;On;5;Early
Tangara schrankii P3_CAB10;70;Off;5;Early
Tangara schrankii P3_CAB10;106;On;5;Early
Tangara schrankii P3_CAB10;6;Off;5;Early
Tangara schrankii P33_RVA11;32;Off;5;Early
Tangara schrankii P33_RVA11;54;On;5;Early
Tangara schrankii P33_RVA11;34;Off;5;Early
Tangara schrankii P33_RVA11;75;On;5;Early
Tangara schrankii P33_RVA11;26;Off;5;Early
Tangara schrankii P33_RVA11;99;On;5;Early
Tangara schrankii P33_RVA11;43;Off;5;Early
Tangara schrankii P33_RVA11;44;On;5;Early
Tangara schrankii P33_RVA11;37;Off;5;Early
Tangara schrankii P33_RVA11;89;On;5;Early
Tangara schrankii P33_RVA11;30;Off;5;Early
Tangara schrankii P33_RVA11;63;On;5;Early
Tangara schrankii P33_RVA11;24;Off;5;Early
Tangara schrankii T1_JAG08;58;Off;5;Early
Tangara schrankii T1_JAG08;46;On;5;Early
Tangara schrankii T1_JAG08;18;Off;5;Early
Tangara schrankii T1_JAG08;26;On;5;Early
Tangara schrankii T1_JAG08;9;Off;5;Early
Tangara schrankii T1_JAG08;21;On;5;Early
Tangara schrankii T1_JAG08;28;Off;5;Early
Tangara schrankii T1_JAG08;35;On;5;Early
Tangara schrankii T1_JAG08;77;Off;5;Early
Tangara schrankii T1_JAG08;54;On;5;Early
Tangara schrankii T1_JAG08;16;Off;5;Early
Tangara schrankii T1_JAG08;33;On;5;Early
Tangara schrankii T1_JAG08;33;Off;5;Early
Tangara schrankii T1_JAG08;43;On;5;Early
Tangara schrankii T1_JAG08;136;Off;5;Early
Tangara schrankii T2_SDR08;39;Off;5;Early
Tangara schrankii T2_SDR08;45;On;5;Early
Tangara schrankii T2_SDR08;23;Off;5;Early
Tangara schrankii T2_SDR08;77;On;5;Early
Tangara schrankii T2_SDR08;16;Off;5;Early
Tangara schrankii T2_SDR08;52;On;5;Early
Tangara schrankii T2_SDR08;52;Off;5;Early
Tangara schrankii T2_SDR08;82;Off;5;Early
Tangara schrankii T2_SDR08;76;On;5;Early
Tangara schrankii T2_SDR08;40;Off;5;Early
Tangara schrankii T2_SDR08;26;On;5;Early
Tangara schrankii T2_SDR08;77;Off;5;Early
Tangara shrankii P6 JAEC_10;29;Off;5;Early
Tangara shrankii P6 JAEC_10;46;On;5;Early
Tangara shrankii P6 JAEC_10;26;Off;5;Early
Tangara shrankii P6 JAEC_10;149;On;5;Early
Tangara shrankii P6 JAEC_10;102;Off;5;Early
Tangara shrankii P6 JAEC_10;143;On;5;Early
Tangara shrankii P6 JAEC_10;23;Off;5;Early
Tangara shrankii P6 JAEC_10;104;On;5;Early
Tangara shrankii P6 JAEC_10;21;Off;5;Early
Tangara shrankii P7_JAG10;38;Off;5;Early
Tangara shrankii P7_JAG10;62;On;5;Early
Tangara shrankii P7_JAG10;48;Off;5;Early
Tangara shrankii P7_JAG10;53;On;5;Early
Tangara shrankii P7_JAG10;3;Off;5;Early
Tangara shrankii P7_JAG10;63;On;5;Early
Tangara shrankii P7_JAG10;33;Off;5;Early
Tangara shrankii P7_JAG10;105;On;5;Early
Tangara shrankii P7_JAG10;34;Off;5;Early
Tangara shrankii P7_JAG10;15;On;5;Early
Tangara shrankii P7_JAG10;41;Off;5;Early
Tangara shrankii P7_JAG10;29;On;5;Early
Tangara shrankii P7_JAG10;12;Off;5;Early
Tangara shrankii P7_JAG10;86;On;5;Early
Tangara shrankii P7_JAG10;24;Off;5;Early
Tangara shrankii T5_JAG08;16;Off;5;Early
Tangara shrankii T5_JAG08;87;On;5;Early
Tangara shrankii T5_JAG08;29;Off;5;Early
Tangara shrankii T5_JAG08;78;On;5;Early
Tangara shrankii T5_JAG08;25;Off;5;Early
Tangara shrankii T5_JAG08;98;On;5;Early
Tangara shrankii T5_JAG08;24;Off;5;Early
Tangara shrankii T5_JAG08;60;On;5;Early
Tangara shrankii T5_JAG08;33;Off;5;Early
Tangara shrankii T5_JAG08;54;On;5;Early
Tangara shrankii T5_JAG08;21;Off;5;Early
Tangara shrankii T5_JAG08;42;On;5;Early
Tangara shrankii T5_JAG08;30;Off;5;Early
Tangara shrankii T5_JAG08;121;On;5;Early
Tangara shrankii T5_JAG08;3;Off;5;Early
Tangara schranki T1_GVC08;17;Off;6;Middle
Tangara schranki T1_GVC08;19;On;6;Middle
Tangara schranki T1_GVC08;3;Off;6;Middle
Tangara schranki T1_GVC08;9;On;6;Middle
Tangara schranki T1_GVC08;10;Off;6;Middle
Tangara schranki T1_GVC08;22;On;6;Middle
Tangara schranki T1_GVC08;14;Off;6;Middle
Tangara schranki T1_GVC08;24;On;6;Middle
Tangara schranki T1_GVC08;20;Off;6;Middle
Tangara schranki T1_GVC08;22;On;6;Middle
Tangara schranki T1_GVC08;17;Off;6;Middle
Tangara schranki T1_GVC08;6;On;6;Middle
Tangara schranki T1_GVC08;2;Off;6;Middle
Tangara schranki T1_GVC08;14;On;6;Middle
Tangara schranki T1_GVC08;19;Off;6;Middle
Tangara schranki T1_GVC08;22;On;6;Middle
Tangara schranki T1_GVC08;11;Off;6;Middle
Tangara schranki T1_GVC08;11;On;6;Middle
Tangara schranki T1_GVC08;10;Off;6;Middle
Tangara schranki T1_GVC08;40;On;6;Middle
Tangara schranki T1_GVC08;21;Off;6;Middle
Tangara schranki T1_GVC08;40;On;6;Middle
Tangara schranki T1_GVC08;79;Off;6;Middle
Tangara schranki T1_GVC08;15;On;6;Middle
Tangara schranki T1_GVC08;23;Off;6;Middle
Tangara schranki T1_GVC08;8;On;6;Middle
Tangara schranki T1_GVC08;36;Off;6;Middle
Tangara schranki T1_GVC08;27;On;6;Middle
Tangara schranki T1_GVC08;19;Off;6;Middle
Tangara schranki T1_GVC08;13;On;6;Middle
Tangara schranki T1_GVC08;9;Off;6;Middle
Tangara schranki T1_GVC08;16;On;6;Middle
Tangara schranki T1_GVC08;10;Off;6;Middle
Tangara schranki T1_GVC08;5;On;6;Middle
Tangara schranki T1_GVC08;11;Off;6;Middle
Tangara schrankii P13_RVA11;16;Off;6;Middle
Tangara schrankii P13_RVA11;29;On;6;Middle
Tangara schrankii P13_RVA11;31;Off;6;Middle
Tangara schrankii P13_RVA11;228;On;6;Middle
Tangara schrankii P13_RVA11;152;Off;6;Middle
Tangara schrankii P13_RVA11;191;On;6;Middle
Tangara schrankii P13_RVA11;47;Off;6;Middle
Tangara schrankii P14_JAG10;53;Off;6;Middle
Tangara schrankii P14_JAG10;110;On;6;Middle
Tangara schrankii P14_JAG10;43;Off;6;Middle
Tangara schrankii P14_JAG10;134;On;6;Middle
Tangara schrankii P14_JAG10;43;Off;6;Middle
Tangara schrankii P14_JAG10;150;On;6;Middle
Tangara schrankii P14_JAG10;77;Off;6;Middle
Tangara schrankii P14_JAG10;105;On;6;Middle
Tangara schrankii P14_JAG10;7;Off;6;Middle
Tangara schrankii P24_CAB10;55;Off;6;Middle
Tangara schrankii P24_CAB10;58;On;6;Middle
Tangara schrankii P24_CAB10;13;Off;6;Middle
Tangara schrankii P24_CAB10;48;On;6;Middle
Tangara schrankii P24_CAB10;18;Off;6;Middle
Tangara schrankii P24_CAB10;45;On;6;Middle
Tangara schrankii P24_CAB10;22;Off;6;Middle
Tangara schrankii P24_CAB10;153;On;6;Middle
Tangara schrankii P24_CAB10;62;Off;6;Middle
Tangara schrankii P24_CAB10;105;On;6;Middle
Tangara schrankii P24_CAB10;46;Off;6;Middle
Tangara schrankii P24_CAB10;31;On;6;Middle
Tangara schrankii P24_CAB10;11;Off;6;Middle
Tangara schrankii P3_CAB10;21;Off;6;Middle
Tangara schrankii P3_CAB10;72;On;6;Middle
Tangara schrankii P3_CAB10;71;Off;6;Middle
Tangara schrankii P3_CAB10;175;On;6;Middle
Tangara schrankii P3_CAB10;48;Off;6;Middle
Tangara schrankii P3_CAB10;148;On;6;Middle
Tangara schrankii P3_CAB10;28;Off;6;Middle
Tangara schrankii P3_CAB10;103;On;6;Middle
Tangara schrankii P3_CAB10;6;Off;6;Middle
Tangara schrankii P33_RVA11;17;Off;6;Middle
Tangara schrankii P33_RVA11;52;On;6;Middle
Tangara schrankii P33_RVA11;25;Off;6;Middle
Tangara schrankii P33_RVA11;59;On;6;Middle
Tangara schrankii P33_RVA11;35;Off;6;Middle
Tangara schrankii P33_RVA11;100;On;6;Middle
Tangara schrankii P33_RVA11;27;Off;6;Middle
Tangara schrankii P33_RVA11;92;On;6;Middle
Tangara schrankii P33_RVA11;20;Off;6;Middle
Tangara schrankii P33_RVA11;103;On;6;Middle
Tangara schrankii P33_RVA11;49;Off;6;Middle
Tangara schrankii T1_JAG08;34;Off;6;Middle
Tangara schrankii T1_JAG08;44;On;6;Middle
Tangara schrankii T1_JAG08;15;Off;6;Middle
Tangara schrankii T1_JAG08;33;On;6;Middle
Tangara schrankii T1_JAG08;28;Off;6;Middle
Tangara schrankii T1_JAG08;57;On;6;Middle
Tangara schrankii T1_JAG08;31;Off;6;Middle
Tangara schrankii T1_JAG08;43;On;6;Middle
Tangara schrankii T1_JAG08;20;Off;6;Middle
Tangara schrankii T1_JAG08;82;On;6;Middle
Tangara schrankii T1_JAG08;80;Off;6;Middle
Tangara schrankii T1_JAG08;81;On;6;Middle
Tangara schrankii T1_JAG08;24;Off;6;Middle
Tangara schrankii T1_JAG08;59;On;6;Middle
Tangara schrankii T1_JAG08;7;Off;6;Middle
Tangara schrankii T2_SDR08;82;On;6;Middle
Tangara schrankii T2_SDR08;57;Off;6;Middle
Tangara schrankii T2_SDR08;157;On;6;Middle
Tangara schrankii T2_SDR08;56;Off;6;Middle
Tangara schrankii T2_SDR08;82;On;6;Middle
Tangara schrankii T2_SDR08;38;Off;6;Middle
Tangara schrankii T2_SDR08;72;On;6;Middle
Tangara schrankii T2_SDR08;21;Off;6;Middle
Tangara shrankii P6 JAEC_10;28;Off;6;Middle
Tangara shrankii P6 JAEC_10;62;On;6;Middle
Tangara shrankii P6 JAEC_10;30;Off;6;Middle
Tangara shrankii P6 JAEC_10;141;On;6;Middle
Tangara shrankii P6 JAEC_10;73;Off;6;Middle
Tangara shrankii P6 JAEC_10;168;On;6;Middle
Tangara shrankii P6 JAEC_10;68;Off;6;Middle
Tangara shrankii P6 JAEC_10;55;On;6;Middle
Tangara shrankii P6 JAEC_10;50;Off;6;Middle
Tangara shrankii P7_JAG10;23;Off;6;Middle
Tangara shrankii P7_JAG10;56;On;6;Middle
Tangara shrankii P7_JAG10;33;Off;6;Middle
Tangara shrankii P7_JAG10;35;On;6;Middle
Tangara shrankii P7_JAG10;4;Off;6;Middle
Tangara shrankii P7_JAG10;71;On;6;Middle
Tangara shrankii P7_JAG10;45;Off;6;Middle
Tangara shrankii P7_JAG10;124;On;6;Middle
Tangara shrankii P7_JAG10;49;Off;6;Middle
Tangara shrankii P7_JAG10;4;On;6;Middle
Tangara shrankii P7_JAG10;23;Off;6;Middle
Tangara shrankii P7_JAG10;169;On;6;Middle
Tangara shrankii P7_JAG10;7;Off;6;Middle
Tangara shrankii T5_JAG08;26;Off;6;Middle
Tangara shrankii T5_JAG08;56;On;6;Middle
Tangara shrankii T5_JAG08;35;Off;6;Middle
Tangara shrankii T5_JAG08;52;On;6;Middle
Tangara shrankii T5_JAG08;20;Off;6;Middle
Tangara shrankii T5_JAG08;102;On;6;Middle
Tangara shrankii T5_JAG08;38;Off;6;Middle
Tangara shrankii T5_JAG08;48;On;6;Middle
Tangara shrankii T5_JAG08;30;Off;6;Middle
Tangara shrankii T5_JAG08;58;On;6;Middle
Tangara shrankii T5_JAG08;44;Off;6;Middle
Tangara shrankii T5_JAG08;49;On;6;Middle
Tangara shrankii T5_JAG08;23;Off;6;Middle
Tangara shrankii T5_JAG08;108;On;6;Middle
Tangara shrankii T5_JAG08;14;Off;6;Middle
Tangara schrankii P13_RVA11;22;Off;7;Middle
Tangara schrankii P13_RVA11;46;On;7;Middle
Tangara schrankii P13_RVA11;29;Off;7;Middle
Tangara schrankii P13_RVA11;236;On;7;Middle
Tangara schrankii P13_RVA11;184;Off;7;Middle
Tangara schrankii P24_CAB10;10;Off;7;Middle
Tangara schrankii P24_CAB10;40;On;7;Middle
Tangara schrankii P24_CAB10;8;Off;7;Middle
Tangara schrankii P24_CAB10;36;On;7;Middle
Tangara schrankii P24_CAB10;15;Off;7;Middle
Tangara schrankii P24_CAB10;47;On;7;Middle
Tangara schrankii P24_CAB10;30;Off;7;Middle
Tangara schrankii P24_CAB10;56;On;7;Middle
Tangara schrankii P24_CAB10;27;Off;7;Middle
Tangara schrankii P24_CAB10;64;On;7;Middle
Tangara schrankii P24_CAB10;26;Off;7;Middle
Tangara schrankii P24_CAB10;60;On;7;Middle
Tangara schrankii P24_CAB10;25;Off;7;Middle
Tangara schrankii P24_CAB10;61;On;7;Middle
Tangara schrankii P24_CAB10;59;Off;7;Middle
Tangara schrankii P3_CAB10;13;Off;7;Middle
Tangara schrankii P3_CAB10;29;On;7;Middle
Tangara schrankii P3_CAB10;11;Off;7;Middle
Tangara schrankii P3_CAB10;44;On;7;Middle
Tangara schrankii P3_CAB10;41;Off;7;Middle
Tangara schrankii P3_CAB10;60;On;7;Middle
Tangara schrankii P3_CAB10;13;Off;7;Middle
Tangara schrankii P3_CAB10;72;On;7;Middle
Tangara schrankii P3_CAB10;34;Off;7;Middle
Tangara schrankii P3_CAB10;79;On;7;Middle
Tangara schrankii P3_CAB10;19;Off;7;Middle
Tangara schrankii P3_CAB10;65;On;7;Middle
Tangara schrankii P3_CAB10;38;Off;7;Middle
Tangara schrankii P3_CAB10;100;On;7;Middle
Tangara schrankii P3_CAB10;32;Off;7;Middle
Tangara schrankii P33_RVA11;24;Off;7;Middle
Tangara schrankii P33_RVA11;65;On;7;Middle
Tangara schrankii P33_RVA11;37;Off;7;Middle
Tangara schrankii P33_RVA11;151;On;7;Middle
Tangara schrankii P33_RVA11;52;Off;7;Middle
Tangara schrankii P33_RVA11;163;On;7;Middle
Tangara schrankii P33_RVA11;91;Off;7;Middle
Tangara shrankii P6 JAEC_10;25;Off;7;Middle
Tangara shrankii P6 JAEC_10;46;On;7;Middle
Tangara shrankii P6 JAEC_10;35;Off;7;Middle
Tangara shrankii P6 JAEC_10;187;On;7;Middle
Tangara shrankii P6 JAEC_10;171;Off;7;Middle
Tangara shrankii P6 JAEC_10;174;On;7;Middle
Tangara shrankii P6 JAEC_10;42;Off;7;Middle
Tangara shrankii P7_JAG10;71;Off;7;Middle
Tangara shrankii P7_JAG10;71;On;7;Middle
Tangara shrankii P7_JAG10;29;Off;7;Middle
Tangara shrankii P7_JAG10;110;On;7;Middle
Tangara shrankii P7_JAG10;93;Off;7;Middle
Tangara shrankii P7_JAG10;71;On;7;Middle
Tangara shrankii P7_JAG10;60;Off;7;Middle
Tangara shrankii T5_JAG08;61;On;7;Middle
Tangara shrankii T5_JAG08;14;Off;7;Middle
Tangara shrankii T5_JAG08;77;On;7;Middle
Tangara shrankii T5_JAG08;30;Off;7;Middle
Tangara shrankii T5_JAG08;33;On;7;Middle
Tangara shrankii T5_JAG08;7;Off;7;Middle
Tangara shrankii T5_JAG08;51;On;7;Middle
Tangara shrankii T5_JAG08;17;Off;7;Middle
Tangara shrankii T5_JAG08;80;On;7;Middle
Tangara shrankii T5_JAG08;41;Off;7;Middle
Tangara shrankii T5_JAG08;99;On;7;Middle
Tangara shrankii T5_JAG08;46;Off;7;Middle
Tangara shrankii T5_JAG08;64;On;7;Middle
Tangara shrankii T5_JAG08;25;Off;7;Middle
Tangara shrankii T5_JAG08;84;On;7;Middle
Tangara shrankii T5_JAG08;3;Off;7;Middle
Tangara schrankii P13_RVA11;11;Off;8;Middle
Tangara schrankii P13_RVA11;88;On;8;Middle
Tangara schrankii P13_RVA11;31;Off;8;Middle
Tangara schrankii P13_RVA11;146;On;8;Middle
Tangara schrankii P13_RVA11;55;Off;8;Middle
Tangara schrankii P13_RVA11;301;On;8;Middle
Tangara schrankii P13_RVA11;47;Off;8;Middle
Tangara schrankii P24_CAB10;20;Off;8;Middle
Tangara schrankii P24_CAB10;45;On;8;Middle
Tangara schrankii P24_CAB10;28;Off;8;Middle
Tangara schrankii P24_CAB10;17;On;8;Middle
Tangara schrankii P24_CAB10;16;Off;8;Middle
Tangara schrankii P24_CAB10;59;On;8;Middle
Tangara schrankii P24_CAB10;15;Off;8;Middle
Tangara schrankii P24_CAB10;37;On;8;Middle
Tangara schrankii P24_CAB10;47;Off;8;Middle
Tangara schrankii P24_CAB10;101;On;8;Middle
Tangara schrankii P24_CAB10;28;Off;8;Middle
Tangara schrankii P24_CAB10;59;On;8;Middle
Tangara schrankii P24_CAB10;34;Off;8;Middle
Tangara schrankii P24_CAB10;116;On;8;Middle
Tangara schrankii P24_CAB10;22;Off;8;Middle
Tangara schrankii P3_CAB10;15;Off;8;Middle
Tangara schrankii P3_CAB10;38;On;8;Middle
Tangara schrankii P3_CAB10;13;Off;8;Middle
Tangara schrankii P3_CAB10;42;On;8;Middle
Tangara schrankii P3_CAB10;58;Off;8;Middle
Tangara schrankii P3_CAB10;24;On;8;Middle
Tangara schrankii P3_CAB10;45;Off;8;Middle
Tangara schrankii P3_CAB10;53;On;8;Middle
Tangara schrankii P3_CAB10;49;Off;8;Middle
Tangara schrankii P3_CAB10;44;On;8;Middle
Tangara schrankii P3_CAB10;25;Off;8;Middle
Tangara schrankii P3_CAB10;171;On;8;Middle
Tangara schrankii P3_CAB10;37;Off;8;Middle
Tangara schrankii P3_CAB10;95;On;8;Middle
Tangara schrankii P3_CAB10;3;Off;8;Middle
Tangara schrankii P33_RVA11;37;Off;8;Middle
Tangara schrankii P33_RVA11;55;On;8;Middle
Tangara schrankii P33_RVA11;29;Off;8;Middle
Tangara schrankii P33_RVA11;98;On;8;Middle
Tangara schrankii P33_RVA11;29;Off;8;Middle
Tangara schrankii P33_RVA11;157;On;8;Middle
Tangara schrankii P33_RVA11;62;Off;8;Middle
Tangara schrankii P33_RVA11;105;On;8;Middle
Tangara schrankii P33_RVA11;48;Off;8;Middle
Tangara schrankii P33_RVA11;62;On;8;Middle
Tangara schrankii P33_RVA11;10;Off;8;Middle
Tangara shrankii P6 JAEC_10;21;Off;8;Middle
Tangara shrankii P6 JAEC_10;120;On;8;Middle
Tangara shrankii P6 JAEC_10;21;Off;8;Middle
Tangara shrankii P6 JAEC_10;128;On;8;Middle
Tangara shrankii P6 JAEC_10;27;Off;8;Middle
Tangara shrankii P6 JAEC_10;64;On;8;Middle
Tangara shrankii P6 JAEC_10;17;Off;8;Middle
Tangara shrankii P6 JAEC_10;81;On;8;Middle
Tangara shrankii P6 JAEC_10;35;Off;8;Middle
Tangara shrankii P6 JAEC_10;49;On;8;Middle
Tangara shrankii P6 JAEC_10;56;Off;8;Middle
Tangara shrankii P7_JAG10;21;Off;8;Middle
Tangara shrankii P7_JAG10;64;On;8;Middle
Tangara shrankii P7_JAG10;22;Off;8;Middle
Tangara shrankii P7_JAG10;81;On;8;Middle
Tangara shrankii P7_JAG10;8;Off;8;Middle
Tangara shrankii P7_JAG10;7;On;8;Middle
Tangara shrankii P7_JAG10;10;Off;8;Middle
Tangara shrankii P7_JAG10;85;On;8;Middle
Tangara shrankii P7_JAG10;12;Off;8;Middle
Tangara shrankii P7_JAG10;39;On;8;Middle
Tangara shrankii P7_JAG10;7;Off;8;Middle
Tangara shrankii P7_JAG10;29;On;8;Middle
Tangara shrankii P7_JAG10;20;Off;8;Middle
Tangara shrankii P7_JAG10;42;On;8;Middle
Tangara shrankii P7_JAG10;21;Off;8;Middle
Tangara shrankii P7_JAG10;23;On;8;Middle
Tangara shrankii P7_JAG10;4;Off;8;Middle
Tangara shrankii P7_JAG10;45;On;8;Middle
Tangara shrankii P7_JAG10;25;Off;8;Middle
Tangara shrankii P7_JAG10;61;On;8;Middle
Tangara shrankii P7_JAG10;19;Off;8;Middle
Tangara shrankii T5_JAG08;11;Off;8;Middle
Tangara shrankii T5_JAG08;61;On;8;Middle
Tangara shrankii T5_JAG08;17;Off;8;Middle
Tangara shrankii T5_JAG08;61;On;8;Middle
Tangara shrankii T5_JAG08;16;Off;8;Middle
Tangara shrankii T5_JAG08;97;On;8;Middle
Tangara shrankii T5_JAG08;55;Off;8;Middle
Tangara shrankii T5_JAG08;84;On;8;Middle
Tangara shrankii T5_JAG08;42;Off;8;Middle
Tangara shrankii T5_JAG08;89;On;8;Middle
Tangara shrankii T5_JAG08;19;Off;8;Middle
Tangara shrankii T5_JAG08;68;On;8;Middle
Tangara shrankii T5_JAG08;33;Off;8;Middle
Tangara shrankii T5_JAG08;72;On;8;Middle
Tangara shrankii T5_JAG08;8;Off;8;Middle
Tangara schrankii P13_RVA11;45;Off;9;Middle
Tangara schrankii P13_RVA11;96;On;9;Middle
Tangara schrankii P13_RVA11;66;Off;9;Middle
Tangara schrankii P13_RVA11;166;On;9;Middle
Tangara schrankii P13_RVA11;91;Off;9;Middle
Tangara schrankii P13_RVA11;16;On;9;Middle
Tangara schrankii P13_RVA11;49;Off;9;Middle
Tangara schrankii P24_CAB10;10;Off;9;Middle
Tangara schrankii P24_CAB10;39;On;9;Middle
Tangara schrankii P24_CAB10;19;Off;9;Middle
Tangara schrankii P24_CAB10;43;On;9;Middle
Tangara schrankii P24_CAB10;36;Off;9;Middle
Tangara schrankii P24_CAB10;55;On;9;Middle
Tangara schrankii P24_CAB10;24;Off;9;Middle
Tangara schrankii P24_CAB10;83;On;9;Middle
Tangara schrankii P24_CAB10;43;Off;9;Middle
Tangara schrankii P24_CAB10;100;On;9;Middle
Tangara schrankii P24_CAB10;52;Off;9;Middle
Tangara schrankii P24_CAB10;44;On;9;Middle
Tangara schrankii P24_CAB10;17;Off;9;Middle
Tangara schrankii P24_CAB10;24;On;9;Middle
Tangara schrankii P24_CAB10;38;Off;9;Middle
Tangara schrankii P24_CAB10;101;On;9;Middle
Tangara schrankii P24_CAB10;2;Off;9;Middle
Tangara schrankii P3_CAB10;9;Off;9;Middle
Tangara schrankii P3_CAB10;32;On;9;Middle
Tangara schrankii P3_CAB10;10;Off;9;Middle
Tangara schrankii P3_CAB10;57;On;9;Middle
Tangara schrankii P3_CAB10;26;Off;9;Middle
Tangara schrankii P3_CAB10;26;On;9;Middle
Tangara schrankii P3_CAB10;5;Off;9;Middle
Tangara schrankii P3_CAB10;37;On;9;Middle
Tangara schrankii P3_CAB10;6;Off;9;Middle
Tangara schrankii P3_CAB10;90;On;9;Middle
Tangara schrankii P3_CAB10;16;Off;9;Middle
Tangara schrankii P3_CAB10;56;On;9;Middle
Tangara schrankii P3_CAB10;10;Off;9;Middle
Tangara schrankii P3_CAB10;41;On;9;Middle
Tangara schrankii P3_CAB10;22;Off;9;Middle
Tangara schrankii P3_CAB10;40;On;9;Middle
Tangara schrankii P3_CAB10;6;Off;9;Middle
Tangara schrankii P3_CAB10;66;On;9;Middle
Tangara schrankii P3_CAB10;21;Off;9;Middle
Tangara schrankii P3_CAB10;56;On;9;Middle
Tangara schrankii P3_CAB10;15;Off;9;Middle
Tangara schrankii P3_CAB10;75;On;9;Middle
Tangara schrankii P3_CAB10;2;Off;9;Middle
Tangara schrankii P33_RVA11;37;Off;9;Middle
Tangara schrankii P33_RVA11;97;On;9;Middle
Tangara schrankii P33_RVA11;8;Off;9;Middle
Tangara schrankii P33_RVA11;2;On;9;Middle
Tangara schrankii P33_RVA11;33;Off;9;Middle
Tangara schrankii P33_RVA11;56;On;9;Middle
Tangara schrankii P33_RVA11;19;Off;9;Middle
Tangara schrankii P33_RVA11;155;On;9;Middle
Tangara schrankii P33_RVA11;59;Off;9;Middle
Tangara schrankii P33_RVA11;195;On;9;Middle
Tangara schrankii P33_RVA11;31;Off;9;Middle
Tangara shrankii P6 JAEC_10;27;Off;9;Middle
Tangara shrankii P6 JAEC_10;145;On;9;Middle
Tangara shrankii P6 JAEC_10;58;Off;9;Middle
Tangara shrankii P6 JAEC_10;71;On;9;Middle
Tangara shrankii P6 JAEC_10;48;Off;9;Middle
Tangara shrankii P6 JAEC_10;149;On;9;Middle
Tangara shrankii P6 JAEC_10;52;Off;9;Middle
Tangara shrankii P6 JAEC_10;118;On;9;Middle
Tangara shrankii P6 JAEC_10;6;Off;9;Middle
Tangara shrankii P7_JAG10;43;Off;9;Middle
Tangara shrankii P7_JAG10;45;On;9;Middle
Tangara shrankii P7_JAG10;23;Off;9;Middle
Tangara shrankii P7_JAG10;99;On;9;Middle
Tangara shrankii P7_JAG10;55;Off;9;Middle
Tangara shrankii P7_JAG10;51;On;9;Middle
Tangara shrankii P7_JAG10;31;Off;9;Middle
Tangara shrankii P7_JAG10;74;On;9;Middle
Tangara shrankii P7_JAG10;9;Off;9;Middle
Tangara shrankii P7_JAG10;68;On;9;Middle
Tangara shrankii P7_JAG10;56;Off;9;Middle
Tangara shrankii P7_JAG10;120;On;9;Middle
Tangara shrankii P7_JAG10;4;Off;9;Middle
Tangara schrankii P13_RVA11;23;Off;10;Middle
Tangara schrankii P13_RVA11;106;On;10;Middle
Tangara schrankii P13_RVA11;73;Off;10;Middle
Tangara schrankii P13_RVA11;145;On;10;Middle
Tangara schrankii P13_RVA11;63;Off;10;Middle
Tangara schrankii P13_RVA11;137;On;10;Middle
Tangara schrankii P13_RVA11;11;Off;10;Middle
Tangara schrankii P13_RVA11;115;On;10;Middle
Tangara schrankii P13_RVA11;22;Off;10;Middle
Tangara schrankii P24_CAB10;23;Off;10;Middle
Tangara schrankii P24_CAB10;48;On;10;Middle
Tangara schrankii P24_CAB10;34;Off;10;Middle
Tangara schrankii P24_CAB10;61;On;10;Middle
Tangara schrankii P24_CAB10;61;Off;10;Middle
Tangara schrankii P24_CAB10;72;On;10;Middle
Tangara schrankii P24_CAB10;33;Off;10;Middle
Tangara schrankii P24_CAB10;89;On;10;Middle
Tangara schrankii P24_CAB10;18;Off;10;Middle
Tangara schrankii P24_CAB10;54;On;10;Middle
Tangara schrankii P24_CAB10;39;Off;10;Middle
Tangara schrankii P24_CAB10;109;On;10;Middle
Tangara schrankii P24_CAB10;7;Off;10;Middle
Tangara schrankii P3_CAB10;192;Off;10;Middle
Tangara schrankii P3_CAB10;43;On;10;Middle
Tangara schrankii P3_CAB10;8;Off;10;Middle
Tangara schrankii P3_CAB10;24;On;10;Middle
Tangara schrankii P3_CAB10;7;Off;10;Middle
Tangara schrankii P3_CAB10;48;On;10;Middle
Tangara schrankii P3_CAB10;36;Off;10;Middle
Tangara schrankii P3_CAB10;18;On;10;Middle
Tangara schrankii P3_CAB10;18;Off;10;Middle
Tangara schrankii P3_CAB10;94;On;10;Middle
Tangara schrankii P3_CAB10;41;Off;10;Middle
Tangara schrankii P3_CAB10;71;On;10;Middle
Tangara schrankii P3_CAB10;82;Off;10;Middle
Tangara schrankii P3_CAB10;95;On;10;Middle
Tangara schrankii P3_CAB10;34;Off;10;Middle
Tangara schrankii P33_RVA11;35;Off;10;Middle
Tangara schrankii P33_RVA11;52;On;10;Middle
Tangara schrankii P33_RVA11;35;Off;10;Middle
Tangara schrankii P33_RVA11;36;On;10;Middle
Tangara schrankii P33_RVA11;27;Off;10;Middle
Tangara schrankii P33_RVA11;69;On;10;Middle
Tangara schrankii P33_RVA11;12;Off;10;Middle
Tangara schrankii P33_RVA11;171;On;10;Middle
Tangara schrankii P33_RVA11;44;Off;10;Middle
Tangara schrankii P33_RVA11;115;On;10;Middle
Tangara schrankii P33_RVA11;16;Off;10;Middle
Tangara schrankii P33_RVA11;89;On;10;Middle
Tangara schrankii P33_RVA11;16;Off;10;Middle
Tangara shrankii P6 JAEC_10;25;Off;10;Middle
Tangara shrankii P6 JAEC_10;168;On;10;Middle
Tangara shrankii P6 JAEC_10;72;Off;10;Middle
Tangara shrankii P6 JAEC_10;40;On;10;Middle
Tangara shrankii P6 JAEC_10;37;Off;10;Middle
Tangara shrankii P6 JAEC_10;159;On;10;Middle
Tangara shrankii P6 JAEC_10;69;Off;10;Middle
Tangara shrankii P6 JAEC_10;91;On;10;Middle
Tangara shrankii P6 JAEC_10;5;Off;10;Middle
Tangara schrankii P13_RVA11;19;Off;11;Late
Tangara schrankii P13_RVA11;65;On;11;Late
Tangara schrankii P13_RVA11;35;Off;11;Late
Tangara schrankii P13_RVA11;126;On;11;Late
Tangara schrankii P13_RVA11;88;Off;11;Late
Tangara schrankii P13_RVA11;9;On;11;Late
Tangara schrankii P13_RVA11;16;Off;11;Late
Tangara schrankii P13_RVA11;200;On;11;Late
Tangara schrankii P13_RVA11;36;Off;11;Late
Tangara schrankii P13_RVA11;32;On;11;Late
Tangara schrankii P13_RVA11;51;Off;11;Late
Tangara schrankii P13_RVA11;15;On;11;Late
Tangara schrankii P13_RVA11;23;Off;11;Late
Tangara schrankii P24_CAB10;16;Off;11;Late
Tangara schrankii P24_CAB10;56;On;11;Late
Tangara schrankii P24_CAB10;18;Off;11;Late
Tangara schrankii P24_CAB10;68;On;11;Late
Tangara schrankii P24_CAB10;26;Off;11;Late
Tangara schrankii P24_CAB10;28;On;11;Late
Tangara schrankii P24_CAB10;26;Off;11;Late
Tangara schrankii P24_CAB10;38;On;11;Late
Tangara schrankii P24_CAB10;32;Off;11;Late
Tangara schrankii P24_CAB10;42;On;11;Late
Tangara schrankii P24_CAB10;54;Off;11;Late
Tangara schrankii P24_CAB10;79;On;11;Late
Tangara schrankii P24_CAB10;41;Off;11;Late
Tangara schrankii P24_CAB10;157;On;11;Late
Tangara schrankii P24_CAB10;5;Off;11;Late
Tangara shrankii P6 JAEC_10;31;Off;11;Late
Tangara shrankii P6 JAEC_10;208;On;11;Late
Tangara shrankii P6 JAEC_10;67;Off;11;Late
Tangara shrankii P6 JAEC_10;169;On;11;Late
Tangara shrankii P6 JAEC_10;36;Off;11;Late
Tangara shrankii P6 JAEC_10;100;On;11;Late
Tangara shrankii P6 JAEC_10;22;Off;11;Late
Tangara schrankii P13_RVA11;21;Off;12;Late
Tangara schrankii P13_RVA11;9;On;12;Late
Tangara schrankii P13_RVA11;20;Off;12;Late
Tangara schrankii P13_RVA11;11;On;12;Late
Tangara schrankii P13_RVA11;18;Off;12;Late
Tangara schrankii P13_RVA11;7;On;12;Late
Tangara schrankii P13_RVA11;17;Off;12;Late
Tangara schrankii P13_RVA11;21;On;12;Late
Tangara schrankii P13_RVA11;21;Off;12;Late
Tangara schrankii P13_RVA11;20;On;12;Late
Tangara schrankii P13_RVA11;19;Off;12;Late
Tangara schrankii P13_RVA11;3;On;12;Late
Tangara schrankii P13_RVA11;56;Off;12;Late
Tangara schrankii P13_RVA11;14;On;12;Late
Tangara schrankii P13_RVA11;63;Off;12;Late
Tangara schrankii P13_RVA11;20;On;12;Late
Tangara schrankii P13_RVA11;77;Off;12;Late
Tangara schrankii P13_RVA11;52;On;12;Late
Tangara schrankii P13_RVA11;40;Off;12;Late
Tangara schrankii P13_RVA11;11;On;12;Late
Tangara schrankii P13_RVA11;35;Off;12;Late
Tangara schrankii P13_RVA11;26;On;12;Late
Tangara schrankii P13_RVA11;77;Off;12;Late
Tangara schrankii P24_CAB10;33;Off;12;Late
Tangara schrankii P24_CAB10;11;On;12;Late
Tangara schrankii P24_CAB10;6;Off;12;Late
Tangara schrankii P24_CAB10;65;On;12;Late
Tangara schrankii P24_CAB10;54;Off;12;Late
Tangara schrankii P24_CAB10;32;On;12;Late
Tangara schrankii P24_CAB10;65;Off;12;Late
Tangara schrankii P24_CAB10;33;On;12;Late
Tangara schrankii P24_CAB10;10;Off;12;Late
Tangara schrankii P24_CAB10;32;On;12;Late
Tangara schrankii P24_CAB10;20;Off;12;Late
Tangara schrankii P24_CAB10;63;On;12;Late
Tangara schrankii P24_CAB10;7;Off;12;Late
Tangara schrankii P24_CAB10;63;On;12;Late
Tangara schrankii P24_CAB10;69;Off;12;Late
Tangara schrankii P24_CAB10;67;On;12;Late
Tangara schrankii P24_CAB10;17;Off;12;Late
Tangara shrankii P6 JAEC_10;22;Off;12;Late
Tangara shrankii P6 JAEC_10;164;On;12;Late
Tangara shrankii P6 JAEC_10;48;Off;12;Late
Tangara shrankii P6 JAEC_10;190;On;12;Late
Tangara shrankii P6 JAEC_10;54;Off;12;Late
Tangara shrankii P6 JAEC_10;116;On;12;Late
Tangara shrankii P6 JAEC_10;53;Off;12;Late
Tangara shrankii P6 JAEC_10;26;Off;13;Late
Tangara shrankii P6 JAEC_10;90;On;13;Late
Tangara shrankii P6 JAEC_10;44;Off;13;Late
Tangara shrankii P6 JAEC_10;112;On;13;Late
Tangara shrankii P6 JAEC_10;93;Off;13;Late
Tangara shrankii P6 JAEC_10;152;On;13;Late
Tangara shrankii P6 JAEC_10;31;Off;13;Late
Tangara shrankii P6 JAEC_10;34;Off;13;Late
Tangara shrankii P6 JAEC_10;35;Off;14;Late
Tangara shrankii P6 JAEC_10;84;On;14;Late
Tangara shrankii P6 JAEC_10;32;Off;14;Late
Tangara shrankii P6 JAEC_10;110;On;14;Late
Tangara shrankii P6 JAEC_10;70;Off;14;Late
Tangara shrankii P6 JAEC_10;183;On;14;Late
Tangara shrankii P6 JAEC_10;66;Off;14;Late
Tangara shrankii P6 JAEC_10;82;On;14;Late
Tangara shrankii P6 JAEC_10;27;Off;14;Late
